distance,time
0.00,4.339248418807983
0.00,6.052346229553223
0.00,7.755443572998047
0.00,9.463541507720947
0.00,11.188639879226685
0.00,12.87873649597168
